{
    "Jon Snow": [
        0,
        0
    ],
    "Robert Baratheon": [
        -0.5,
        -0.5
    ],
    "Eddard 'Ned' Stark": [
        -0.31761312355104576,
        -0.7
    ],
    "Robb Stark": [
        0.12856332742701976,
        -0.8422627959681537
    ],
    "Sandor Clegane": [
        -0.6,
        0.3
    ],
    "Theon Greyjoy": [
        0.5531887075983611,
        -0.11657469542973245
    ],
    "Brandon 'Bran' Stark": [
        0,
        -0.5
    ],
    "Sansa Stark": [
        -0.05221066062398133,
        0.8203047709263562
    ],
    "Cersei Lannister": [
        -0.8,
        0.8
    ],
    "Arya Stark": [
        0.6133068354978124,
        0.030282880916984597
    ],
    "Catelyn Stark": [
        -0.3,
        -0.8
    ],
    "Jorah Mormont": [
        -0.2,
        0.4
    ],
    "Viserys Targaryen": [
        0.12448870979442248,
        -0.23952338215357682
    ],
    "Daenerys Targaryen": [
        -0.2,
        0.2
    ],
    "Benjen Stark": [
        -0.4324498720279305,
        0.5342162343406504
    ],
    "Tyrion Lannister": [
        -0.75,
        -0
    ],
    "Jaime Lannister": [
        -1.0,
        -0.2
    ],
    "Tywin Lannister": [
        -1,
        0.5020415932015011
    ],
    "Joffrey Baratheon": [
        -0.4,
        0.25576959556563816
    ],
    "Petyr 'Littlefinger' Baelish": [
        0.2,
        0.2
    ],
    "Stannis Baratheon": [
        -0.44775168093437956,
        -0.3524627005302384
    ],
    "Varys": [
        0.4434503871307201,
        0.1810004830416326
    ],
    "Jeor Mormont": [
        -0.15115723187705252,
        -0.8147983015508002
    ],
    "Samwell Tarly": [
        -0.2940644173236005,
        -0.16794725104067337
    ],
    "Gendry": [
        -0.9898433367535265,
        -0.009979315788810476
    ],
    "Margaery Tyrell": [
        0.5171189117233477,
        -0.40939443026181876
    ],
    "Bronn": [
        -0.45845297583009165,
        -0.1051404056949552
    ],
    "Shae": [
        0.22029146845980369,
        -0.05972848077714318
    ],
    "Davos Seaworth": [
        0.4433860511289368,
        0.3150138576553874
    ],
    "Melisandre": [
        -0.2520867643251914,
        0.7920204577527474
    ],
    "Brienne of Tarth": [
        0.9202556669400982,
        -0.4081920030386048
    ],
    "Ygritte": [
        0.2204178524109875,
        0.6257805717200873
    ],
    "Ramsay Bolton": [
        0.4555597305286179,
        0.6311872553368415
    ],
    "Daario Naharais": [
        0.9030624770657231,
        0.35297225123312426
    ]
}
